{
  "intra_player_distance": 0.05488210543990135,
  "inter_player_distance": 0.34697577357292175,
  "separation_ratio": 6.322202205657959,
  "clustering_detected": 